subject,cond,roi,chi,gof,src
P1,INHIB,cacc,0.8279856034051272,0.9678433069116329,residuo corregido
P1,INHIB,frontal,1.4823742624969234,0.9982784309981941,residuo corregido
P1,INHIB,lh,0.5616108946707308,0.9835493147965084,residuo corregido
P1,INHIB,rh,0.8046688455428044,0.9662973619409837,residuo corregido
P1,INIT,cacc,0.8859404029797943,0.9845199683392204,residuo corregido
P1,INIT,frontal,1.6947616560666212,0.8780237938894199,residuo corregido
P1,INIT,lh,0.9443848763035303,0.9794089405270245,residuo corregido
P1,INIT,rh,0.5282247966254172,0.9560251494239169,residuo corregido
P10,INHIB,cacc,0.6684546928419091,0.8267887359342347,residuo corregido
P10,INHIB,frontal,0.5686038280825482,0.97780750432225,residuo corregido
P10,INHIB,lh,0.5229936271270569,0.9883346779415507,residuo corregido
P10,INHIB,rh,0.5092960440989083,0.9254985237926634,residuo corregido
P10,INIT,cacc,0.8029967857988124,0.9869744700636432,residuo corregido
P10,INIT,frontal,0.7181727628969188,0.9538598741343713,residuo corregido
P10,INIT,lh,0.5722783321735603,0.9553329316991358,residuo corregido
P10,INIT,rh,0.6095148150375713,0.9630611273982812,residuo corregido
P11,INHIB,cacc,0.5229373036678878,0.9510670984040954,residuo corregido
P11,INHIB,frontal,0.5040440480401623,0.8379419630767583,residuo corregido
P11,INHIB,lh,0.05219920513350586,0.8544869115591439,residuo corregido
P11,INHIB,rh,0.2963353973528807,0.6927556309881489,residuo corregido
P11,INIT,cacc,0.4844958129968368,0.9812598796584098,residuo corregido
P11,INIT,frontal,1.0314142993914284,0.8749126056355642,residuo corregido
P11,INIT,lh,0.3381000999315023,0.9719158748355184,residuo corregido
P11,INIT,rh,0.45448138922451986,0.8393399006208577,residuo corregido
P12,INHIB,cacc,0.6705807643570352,0.9434867166467608,residuo corregido
P12,INHIB,frontal,0.5727395977793412,0.9772463468111882,residuo corregido
P12,INHIB,lh,0.3715000636493411,0.902535930454557,residuo corregido
P12,INHIB,rh,0.1461813474616879,0.8102892164219255,residuo corregido
P12,INIT,cacc,0.533339777193136,0.8452238309510339,residuo corregido
P12,INIT,frontal,0.5682355420763258,0.9727968510042201,residuo corregido
P12,INIT,lh,0.4118787745128726,0.9855193910848039,residuo corregido
P12,INIT,rh,0.3345660968119892,0.9553682043304615,residuo corregido
P13,INHIB,cacc,1.0759503784857238,0.9803905524661574,residuo corregido
P13,INHIB,frontal,1.0954483711375318,0.9567119136133431,residuo corregido
P13,INHIB,lh,0.9171099994644283,0.9673999153220522,residuo corregido
P13,INHIB,rh,0.6850919036043728,0.9727731860468449,residuo corregido
P13,INIT,cacc,1.032713082141316,0.9822330400984561,residuo corregido
P13,INIT,frontal,1.236201313592024,0.9952522365600923,residuo corregido
P13,INIT,lh,0.7793375870793015,0.9746653659743071,residuo corregido
P13,INIT,rh,0.8788294731571978,0.9215390467253527,residuo corregido
P14,INHIB,cacc,1.029796532083446,0.960757697964444,residuo corregido
P14,INHIB,frontal,1.7102074935510971,0.9197545402209965,residuo corregido
P14,INHIB,lh,0.6852600555855077,0.9695960732001024,residuo corregido
P14,INHIB,rh,0.750677516708036,0.8867246524686098,residuo corregido
P14,INIT,cacc,1.0649179349213094,0.8871338595372564,residuo corregido
P14,INIT,frontal,1.9614186823701085,0.9027795788387936,residuo corregido
P14,INIT,lh,1.0789360052281176,0.9259627075978357,residuo corregido
P14,INIT,rh,0.9225271896489489,0.981746160629739,residuo corregido
P15,INHIB,cacc,0.7740052739703952,0.9484937771681246,residuo corregido
P15,INHIB,frontal,0.6799840370347756,0.9746685720232954,residuo corregido
P15,INHIB,lh,0.502652930990477,0.972934122191224,residuo corregido
P15,INHIB,rh,0.46896659543904395,0.9266132744824003,residuo corregido
P15,INIT,cacc,0.6584320836791059,0.9455803270747525,residuo corregido
P15,INIT,frontal,0.7669155220586726,0.9807589595397638,residuo corregido
P15,INIT,lh,0.5825305526439147,0.9888432503624383,residuo corregido
P15,INIT,rh,0.46148426054446,0.9724928967252973,residuo corregido
P16,INHIB,cacc,0.5205169327204585,0.9491519882762599,residuo corregido
P16,INHIB,frontal,0.5601821819324722,0.9712001785517229,residuo corregido
P16,INHIB,lh,0.46086259861003614,0.989931747088875,residuo corregido
P16,INHIB,rh,0.6121756336501543,0.7352978596437345,residuo corregido
P16,INIT,cacc,0.7157790322235817,0.9934258587652364,residuo corregido
P16,INIT,frontal,0.9762085994585985,0.9869665565105925,residuo corregido
P16,INIT,lh,0.6076962848717421,0.9894577298663217,residuo corregido
P16,INIT,rh,0.2733813440137048,0.9777027290217636,residuo corregido
P17,INHIB,cacc,0.8119573251373863,0.9769912556643445,residuo corregido
P17,INHIB,frontal,1.6342134844027032,0.9897367121129006,residuo corregido
P17,INHIB,lh,0.8933929601802809,0.817245133102139,residuo corregido
P17,INHIB,rh,0.735543123302999,0.848957297634817,residuo corregido
P17,INIT,cacc,0.934990883825512,0.9933922280062951,residuo corregido
P17,INIT,frontal,2.068705691895413,0.9070065736253982,residuo corregido
P17,INIT,lh,1.167036756173155,0.9716493382110357,residuo corregido
P17,INIT,rh,0.6576379867230646,0.779921768508919,residuo corregido
P18,INHIB,cacc,1.790153866437203,0.829547359916062,residuo corregido
P18,INHIB,frontal,1.3334095463742706,0.6852772016194978,residuo corregido
P18,INHIB,lh,2.7458209342928477,0.8715074598938113,residuo corregido
P18,INHIB,rh,1.0429869078582468,0.644311752699691,residuo corregido
P18,INIT,cacc,0.08520098112759522,0.8883200717871528,residuo corregido
P18,INIT,frontal,0.9010041251435266,0.9251446591860426,residuo corregido
P18,INIT,lh,1.4643936602316119,0.90639921017187,residuo corregido
P18,INIT,rh,1.0785479261521274,0.7198549579559755,residuo corregido
P2,INHIB,cacc,0.8671431436280735,0.9742405833396628,residuo corregido
P2,INHIB,frontal,0.9089002636441497,0.9866280891920075,residuo corregido
P2,INHIB,lh,0.7053935042828774,0.9164863183143539,residuo corregido
P2,INHIB,rh,0.5351174145796957,0.9832659710893352,residuo corregido
P2,INIT,cacc,0.8244308577238282,0.9808131385642831,residuo corregido
P2,INIT,frontal,0.7852404247754423,0.9695505857073324,residuo corregido
P2,INIT,lh,0.5556237309767798,0.9257706165754163,residuo corregido
P2,INIT,rh,0.5038576338797237,0.9677699216841049,residuo corregido
P20,INHIB,cacc,1.3229015840477034,0.9304800116109774,residuo corregido
P20,INHIB,frontal,1.1485506087818678,0.9600061605072674,residuo corregido
P20,INHIB,lh,0.9330729911915996,0.9961402819643238,residuo corregido
P20,INHIB,rh,0.9341584143503787,0.8647075624116893,residuo corregido
P20,INIT,cacc,0.8376215009249787,0.9881625993534761,residuo corregido
P20,INIT,frontal,1.303892202747324,0.9935360409287263,residuo corregido
P20,INIT,lh,0.7104249153206229,0.9666384570988785,residuo corregido
P20,INIT,rh,0.5118620335668314,0.9739599008292089,residuo corregido
P21,INHIB,cacc,1.1564062289421477,0.9877011452953695,residuo corregido
P21,INHIB,frontal,1.5147756735713729,0.9774746941257413,residuo corregido
P21,INHIB,lh,0.7179969519475986,0.9219409058423881,residuo corregido
P21,INHIB,rh,0.6682819355388718,0.9496740696791445,residuo corregido
P21,INIT,cacc,0.9891273295215444,0.9761002781011593,residuo corregido
P21,INIT,frontal,1.5975480334805443,0.9976024085225413,residuo corregido
P21,INIT,lh,0.8605336971229479,0.9925564369057007,residuo corregido
P21,INIT,rh,0.5888942954033425,0.9174268527573283,residuo corregido
P22,INHIB,cacc,0.8201790823249713,0.8685171872557556,residuo corregido
P22,INHIB,frontal,0.7170190497892459,0.7072374500662842,residuo corregido
P22,INHIB,lh,0.5034262726663163,0.6144218210592362,residuo corregido
P22,INHIB,rh,0.5342981384326936,0.6475602679381463,residuo corregido
P22,INIT,cacc,0.7847957342598321,0.9360116057083068,residuo corregido
P22,INIT,frontal,0.7290460883325987,0.9797366333288097,residuo corregido
P22,INIT,lh,0.5557840823506706,0.6981003089547272,residuo corregido
P22,INIT,rh,0.47744160666321966,0.7890862814169141,residuo corregido
P23,INHIB,cacc,0.9785964778980457,0.8482466299997675,residuo corregido
P23,INHIB,frontal,1.2134917052825678,0.922238591324405,residuo corregido
P23,INHIB,lh,0.49987491452286437,0.9344478685567307,residuo corregido
P23,INHIB,rh,0.5387029551021826,0.9656671511905707,residuo corregido
P23,INIT,cacc,0.8239245736727624,0.8906754013679599,residuo corregido
P23,INIT,frontal,1.2031852901286024,0.7992522744598312,residuo corregido
P23,INIT,lh,0.32634657288657176,0.5012088398944791,residuo corregido
P23,INIT,rh,0.5166284341458425,0.7433606334783273,residuo corregido
P24,INHIB,cacc,0.6341668677533246,0.9753442723536794,residuo corregido
P24,INHIB,frontal,0.6967680023322398,0.9760063627039999,residuo corregido
P24,INHIB,lh,0.5077984854448878,0.9224803963629707,residuo corregido
P24,INHIB,rh,0.4171643736251878,0.9281079329630937,residuo corregido
P24,INIT,cacc,1.025276450104921,0.9898928379010469,residuo corregido
P24,INIT,frontal,0.46563272911542253,0.9575288797008998,residuo corregido
P24,INIT,lh,0.45893770245825627,0.98621068518006,residuo corregido
P24,INIT,rh,0.39425313918530586,0.9405674683993555,residuo corregido
P25,INHIB,cacc,0.9019205307651368,0.9565540752231754,residuo corregido
P25,INHIB,frontal,0.5060718322317027,0.9547641862687102,residuo corregido
P25,INHIB,lh,0.40642791131005673,0.9733433898797371,residuo corregido
P25,INHIB,rh,0.6883321276829634,0.7535043797308385,residuo corregido
P25,INIT,cacc,0.8137102453681078,0.9976219070349839,residuo corregido
P25,INIT,frontal,0.6143946080711654,0.9613146547214361,residuo corregido
P25,INIT,lh,0.6349357853284849,0.9911415701583636,residuo corregido
P25,INIT,rh,0.3691635669190699,0.9750328123304433,residuo corregido
P26,INHIB,cacc,1.2895206655003464,0.8985850746737647,residuo corregido
P26,INHIB,frontal,1.166668611251651,0.8665539870527041,residuo corregido
P26,INHIB,lh,0.34161468892958524,0.3888142072604627,residuo corregido
P26,INHIB,rh,0.2683278686985654,0.8192185133207045,residuo corregido
P26,INIT,cacc,0.7311238705859641,0.9957910264973617,residuo corregido
P26,INIT,frontal,0.6688126770589509,0.9556735667753206,residuo corregido
P26,INIT,lh,0.4858413461413854,0.6684094244487325,residuo corregido
P26,INIT,rh,0.510059836600166,0.9354891052888865,residuo corregido
P27,INHIB,cacc,1.107160142046312,0.9523335445783437,residuo corregido
P27,INHIB,frontal,0.9683148567104093,0.7792113335883181,residuo corregido
P27,INHIB,lh,0.9633125172247206,0.8583541070525311,residuo corregido
P27,INHIB,rh,0.9660812604423438,0.8491222629032616,residuo corregido
P27,INIT,cacc,1.3531310973896136,0.9075250651148393,residuo corregido
P27,INIT,frontal,1.1596487094353776,0.9532003784290211,residuo corregido
P27,INIT,lh,0.4956973050518076,0.9223675988714899,residuo corregido
P27,INIT,rh,0.523281599696289,0.9284259043212107,residuo corregido
P28,INHIB,cacc,1.0885875063212591,0.9690660338983568,residuo corregido
P28,INHIB,frontal,0.8835863195064617,0.9307974853064028,residuo corregido
P28,INHIB,lh,1.0617601536486148,0.9159216171618229,residuo corregido
P28,INHIB,rh,0.6360937092451271,0.9818921044437379,residuo corregido
P28,INIT,cacc,0.9210483499038984,0.9744915015679007,residuo corregido
P28,INIT,frontal,1.0871052625962239,0.9862093589049207,residuo corregido
P28,INIT,lh,0.7756823798974244,0.961006062807355,residuo corregido
P28,INIT,rh,0.355653038214868,0.9265300594522091,residuo corregido
P29,INHIB,cacc,0.7424721497340586,0.9911364893456377,residuo corregido
P29,INHIB,frontal,0.7090965527123727,0.994111486358917,residuo corregido
P29,INHIB,lh,0.1551738357329493,0.9751759100359556,residuo corregido
P29,INHIB,rh,0.5438137960795992,0.9484984110390157,residuo corregido
P29,INIT,cacc,0.7124867080261295,0.9397763471177941,residuo corregido
P29,INIT,frontal,1.4262343406658804,0.9262243696101382,residuo corregido
P29,INIT,lh,0.500900474795887,0.9629575228945021,residuo corregido
P29,INIT,rh,0.595362964293258,0.9535559939585382,residuo corregido
P3,INHIB,cacc,1.0724855771817678,0.9181018045732545,residuo corregido
P3,INHIB,frontal,0.2704433925354117,0.3840188083326504,residuo corregido
P3,INHIB,lh,0.21007387897674462,0.8726330406969668,residuo corregido
P3,INHIB,rh,0.5516844617818045,0.47970264363975745,residuo corregido
P3,INIT,cacc,0.4503146792864248,0.7845731903982485,residuo corregido
P3,INIT,frontal,1.5526819541101964,0.6634034834794202,residuo corregido
P3,INIT,lh,0.626141857540487,0.4620178259684484,residuo corregido
P3,INIT,rh,0.17248630398162898,0.43400662112414334,residuo corregido
P30,INHIB,cacc,1.3101250755034577,0.969452215028073,residuo corregido
P30,INHIB,frontal,0.8299101317272807,0.9859606066238619,residuo corregido
P30,INHIB,lh,1.271481617836977,0.9667006709976479,residuo corregido
P30,INHIB,rh,0.8843311889294287,0.9661915877552867,residuo corregido
P30,INIT,cacc,1.377985478049716,0.9565231393883236,residuo corregido
P30,INIT,frontal,1.097509074920708,0.9920640324933409,residuo corregido
P30,INIT,lh,0.9340921261926654,0.9905757383112216,residuo corregido
P30,INIT,rh,1.019106126192757,0.9888961846809025,residuo corregido
P31,INHIB,cacc,0.9848690318266443,0.9813767741353666,residuo corregido
P31,INHIB,frontal,1.0634224626887456,0.9302152286118337,residuo corregido
P31,INHIB,lh,1.0950954885342508,0.9879490442559398,residuo corregido
P31,INHIB,rh,1.2264782070925058,0.9914682149590638,residuo corregido
P31,INIT,cacc,0.7642156761059954,0.990934583400226,residuo corregido
P31,INIT,frontal,0.5419438784760309,0.865020386676807,residuo corregido
P31,INIT,lh,0.5346543883111868,0.9288800166125477,residuo corregido
P31,INIT,rh,0.48202578191453993,0.9747263398147219,residuo corregido
P32,INHIB,cacc,0.9002991234186727,0.9321094445046151,residuo corregido
P32,INHIB,frontal,0.6445471088837558,0.9655828336866744,residuo corregido
P32,INHIB,lh,0.827992823573033,0.8694180546984746,residuo corregido
P32,INHIB,rh,0.32142029828321794,0.9335760000501734,residuo corregido
P32,INIT,cacc,0.733864612084527,0.9728937161417649,residuo corregido
P32,INIT,frontal,0.7914356723505193,0.982141656683248,residuo corregido
P32,INIT,lh,0.9044414778285793,0.9945547616191289,residuo corregido
P32,INIT,rh,0.7264078622565947,0.9898058996185554,residuo corregido
P33,INHIB,cacc,0.48926800048162966,0.897929388289446,residuo corregido
P33,INHIB,frontal,0.5121280999459242,0.952096966814938,residuo corregido
P33,INHIB,lh,0.4180872847901507,0.9486792690281268,residuo corregido
P33,INHIB,rh,0.8975802883283674,0.9477915418018589,residuo corregido
P33,INIT,cacc,1.0153792449419734,0.9438500305239325,residuo corregido
P33,INIT,frontal,1.6152379868369837,0.8523015292608233,residuo corregido
P33,INIT,lh,0.9890420621712688,0.6940357714470617,residuo corregido
P33,INIT,rh,0.568122718605851,0.8571850565338226,residuo corregido
P34,INHIB,cacc,0.733340827300175,0.9655458634571351,residuo corregido
P34,INHIB,frontal,0.6303536119521814,0.9905218869148918,residuo corregido
P34,INHIB,lh,0.511761144870823,0.9792310304317677,residuo corregido
P34,INHIB,rh,0.4484245732143466,0.9647488899228772,residuo corregido
P34,INIT,cacc,0.5972750448592239,0.9058525717270632,residuo corregido
P34,INIT,frontal,0.9948783853021479,0.9837219180368998,residuo corregido
P34,INIT,lh,0.7075049262880946,0.831766928494598,residuo corregido
P34,INIT,rh,0.3815283298815032,0.9910559103393872,residuo corregido
P35,INHIB,cacc,0.887256221820016,0.9911343042502809,residuo corregido
P35,INHIB,frontal,0.7725909413344297,0.9550634086467659,residuo corregido
P35,INHIB,lh,0.609829464306636,0.9733050965884481,residuo corregido
P35,INHIB,rh,0.5015604543900867,0.9913014280691428,residuo corregido
P35,INIT,cacc,0.9274606192261123,0.8910848381883729,residuo corregido
P35,INIT,frontal,0.5671135040584572,0.9737382926780657,residuo corregido
P35,INIT,lh,0.5497607746805968,0.973879876424118,residuo corregido
P35,INIT,rh,0.6322769187435094,0.9737296359419189,residuo corregido
P36,INHIB,cacc,1.0201041463787448,0.97636584258043,residuo corregido
P36,INHIB,frontal,0.5678519235244852,0.8236633772471582,residuo corregido
P36,INHIB,lh,0.08908758268783948,0.042361473041790325,residuo corregido
P36,INHIB,rh,0.23560865948475446,0.6943883940831576,residuo corregido
P36,INIT,cacc,0.7637047275633264,0.9474687642960077,residuo corregido
P36,INIT,frontal,0.2823995016651044,0.8437091494316992,residuo corregido
P36,INIT,lh,0.132874830051617,0.8345832317568569,residuo corregido
P36,INIT,rh,0.45384941283927727,0.6942457905134907,residuo corregido
P37,INHIB,cacc,0.41544440697183677,0.930409163981354,residuo corregido
P37,INHIB,frontal,0.8044010308078022,0.6447093825511537,residuo corregido
P37,INHIB,lh,0.3911645168525963,0.9129940207693503,residuo corregido
P37,INHIB,rh,0.6138089351123708,0.598124585501618,residuo corregido
P37,INIT,cacc,0.5434188891433214,0.961402434941591,residuo corregido
P37,INIT,frontal,0.8038817984905225,0.9566797990226731,residuo corregido
P37,INIT,lh,0.8407901607430645,0.9159180730499491,residuo corregido
P37,INIT,rh,0.31216990571442543,0.42897876459419315,residuo corregido
P38,INHIB,cacc,0.8662208165289561,0.9799733353285347,residuo corregido
P38,INHIB,frontal,0.5503928762881739,0.9578074111883469,residuo corregido
P38,INHIB,lh,0.5322210350544659,0.9847300919811633,residuo corregido
P38,INHIB,rh,0.46724110127179846,0.9240083402668785,residuo corregido
P38,INIT,cacc,0.7664426124388986,0.9890848269392386,residuo corregido
P38,INIT,frontal,0.6183927135479442,0.9953095737438449,residuo corregido
P38,INIT,lh,0.5385179791924483,0.9779204009314628,residuo corregido
P38,INIT,rh,0.569057805377659,0.8257525309181667,residuo corregido
P39,INHIB,cacc,0.72935590132697,0.9808215110764311,residuo corregido
P39,INHIB,frontal,0.7604390114944737,0.8341678496920277,residuo corregido
P39,INHIB,lh,0.5760514641980778,0.9758003499730518,residuo corregido
P39,INHIB,rh,0.6764748078501852,0.9692139072223146,residuo corregido
P39,INIT,cacc,0.6281066097214687,0.9655185725893413,residuo corregido
P39,INIT,frontal,0.9118723347970537,0.9210389213125889,residuo corregido
P39,INIT,lh,1.035101516924431,0.8957701569912525,residuo corregido
P39,INIT,rh,0.6532855061122057,0.9456538408964276,residuo corregido
P40,INHIB,cacc,0.86628500148539,0.869946113899617,residuo corregido
P40,INHIB,frontal,0.8218062314620065,0.9472585066582305,residuo corregido
P40,INHIB,lh,0.4349947061100683,0.8797782446036606,residuo corregido
P40,INHIB,rh,0.3834490393762313,0.9833868519856489,residuo corregido
P40,INIT,cacc,1.0005335783737965,0.8911863228344862,residuo corregido
P40,INIT,frontal,1.124453584355794,0.8731697937432277,residuo corregido
P40,INIT,lh,0.5682105915277545,0.6807319546470018,residuo corregido
P40,INIT,rh,0.7277387667707012,0.8739324643844166,residuo corregido
P41,INHIB,cacc,1.1053489342412266,0.9731770479559241,residuo corregido
P41,INHIB,frontal,1.901871065507647,0.9038784513696386,residuo corregido
P41,INHIB,lh,1.1919124524944142,0.9911464128242369,residuo corregido
P41,INHIB,rh,0.6581820221088699,0.9142949367559955,residuo corregido
P41,INIT,cacc,0.6887939768496495,0.883607748494852,residuo corregido
P41,INIT,frontal,1.5597539837779366,0.980020784963173,residuo corregido
P41,INIT,lh,1.1685584003164189,0.8269968505417845,residuo corregido
P41,INIT,rh,0.962169689495269,0.9586692978709699,residuo corregido
P42,INHIB,cacc,0.9275634185997818,0.9689566031661202,residuo corregido
P42,INHIB,frontal,1.1545020984194776,0.7429482557674324,residuo corregido
P42,INHIB,lh,0.4045248908359282,0.9504444763575762,residuo corregido
P42,INHIB,rh,0.44727555731366125,0.9620964221497209,residuo corregido
P42,INIT,cacc,0.8721148621589985,0.9680087526680912,residuo corregido
P42,INIT,frontal,0.8240437728063408,0.9141780800890206,residuo corregido
P42,INIT,lh,0.7287508288341613,0.980585726977373,residuo corregido
P42,INIT,rh,0.46277400148960574,0.9902444268350016,residuo corregido
P43,INHIB,cacc,0.9702862221653522,0.9800814536438904,residuo corregido
P43,INHIB,frontal,1.351051521397904,0.8892322105317276,residuo corregido
P43,INHIB,lh,0.927707455666302,0.8897713722493478,residuo corregido
P43,INHIB,rh,0.8611330086383712,0.824172294214984,residuo corregido
P43,INIT,cacc,0.8481958338187178,0.9227253346780491,residuo corregido
P43,INIT,frontal,1.383304831996659,0.9108740398047225,residuo corregido
P43,INIT,lh,0.8205049200005412,0.866427080808366,residuo corregido
P43,INIT,rh,0.9711048846084464,0.803818930353096,residuo corregido
P44,INHIB,cacc,0.7023372318346314,0.9123688000996858,residuo corregido
P44,INHIB,frontal,0.5953348380561445,0.903624023138289,residuo corregido
P44,INHIB,lh,0.44677556721023914,0.8485164278908995,residuo corregido
P44,INHIB,rh,0.369722143519994,0.9511787564648055,residuo corregido
P44,INIT,cacc,0.7550638457571055,0.9780738940292935,residuo corregido
P44,INIT,frontal,0.9885951220653106,0.9726197341870966,residuo corregido
P44,INIT,lh,0.44721519073157323,0.9224253439367998,residuo corregido
P44,INIT,rh,0.6541496224572774,0.9815829624538257,residuo corregido
P45,INHIB,cacc,0.8173402414828141,0.9372457703944116,residuo corregido
P45,INHIB,frontal,1.4268994389654528,0.9901388882394214,residuo corregido
P45,INHIB,lh,1.1179325208681732,0.9933916036174847,residuo corregido
P45,INHIB,rh,1.1161205509802894,0.8942816128805608,residuo corregido
P45,INIT,cacc,0.8520300998274215,0.9551401892578174,residuo corregido
P45,INIT,frontal,1.798202592011425,0.9038561074477902,residuo corregido
P45,INIT,lh,1.182869500033037,0.9598773641842795,residuo corregido
P45,INIT,rh,1.0472687744796745,0.8973318407347602,residuo corregido
P46,INHIB,cacc,0.0006662392478680376,0.661206818208164,residuo corregido
P46,INHIB,frontal,0.612879597320547,0.8459048016339207,residuo corregido
P46,INHIB,lh,-0.027858783503788405,0.6398329610698646,residuo corregido
P46,INHIB,rh,-0.0317747589784205,0.620136014889819,residuo corregido
P46,INIT,cacc,0.06642749556311542,0.988176215981931,residuo corregido
P46,INIT,frontal,0.8323252195331128,0.8707411403617646,residuo corregido
P46,INIT,lh,-0.03586964786948398,0.7757311727996754,residuo corregido
P46,INIT,rh,-0.025375658287007538,0.5618009008939839,residuo corregido
P47,INHIB,cacc,1.1540840684798936,0.984660894408349,residuo corregido
P47,INHIB,frontal,1.066495994231732,0.9673267331074361,residuo corregido
P47,INHIB,lh,1.3860518075746424,0.8624208857464126,residuo corregido
P47,INHIB,rh,1.3035075281154116,0.8437865953014493,residuo corregido
P47,INIT,cacc,0.9620926856661571,0.989660695768009,residuo corregido
P47,INIT,frontal,1.5366256024591203,0.982718805072611,residuo corregido
P47,INIT,lh,1.5599141100891298,0.9109770375243997,residuo corregido
P47,INIT,rh,1.0755303923219333,0.834010003406158,residuo corregido
P48,INHIB,cacc,1.0812018529469192,0.9636845995072068,residuo corregido
P48,INHIB,frontal,1.7291146044667798,0.9238261571862837,residuo corregido
P48,INHIB,lh,1.1391503614704308,0.7684929894796372,residuo corregido
P48,INHIB,rh,0.3066782736790248,0.7292144460458625,residuo corregido
P48,INIT,cacc,0.8968462745143547,0.9514080441520523,residuo corregido
P48,INIT,frontal,1.9519582957842605,0.9142706039220446,residuo corregido
P48,INIT,lh,0.8810670218430845,0.9218240167969479,residuo corregido
P48,INIT,rh,0.9424239017442964,0.6940032946358272,residuo corregido
P49,INHIB,cacc,0.8108226317025718,0.9502064859821732,residuo corregido
P49,INHIB,frontal,0.484336929261214,0.9781728278799913,residuo corregido
P49,INHIB,lh,0.5913385377240011,0.9507722338514271,residuo corregido
P49,INHIB,rh,0.9528211426988094,0.870395887453729,residuo corregido
P49,INIT,cacc,0.871445929923642,0.9956445819083072,residuo corregido
P49,INIT,frontal,0.9980881403437392,0.9945832459623551,residuo corregido
P49,INIT,lh,0.4735907457483074,0.9819444724368713,residuo corregido
P49,INIT,rh,0.5751620715129954,0.9961568596820599,residuo corregido
P50,INHIB,cacc,0.9340410901722735,0.9914022393727098,residuo corregido
P50,INHIB,frontal,1.6757120475866198,0.9896369862874713,residuo corregido
P50,INHIB,lh,0.7764040823775517,0.8286275430219932,residuo corregido
P50,INHIB,rh,0.5686466729182387,0.9866114004999277,residuo corregido
P50,INIT,cacc,1.1734781537264403,0.9848580615769031,residuo corregido
P50,INIT,frontal,1.225056580340979,0.9866169022125816,residuo corregido
P50,INIT,lh,0.45170750728660736,0.914626995389044,residuo corregido
P50,INIT,rh,0.7439683057322262,0.9714403882488072,residuo corregido
P6,INHIB,cacc,0.6610235099060615,0.9757484011482414,residuo corregido
P6,INHIB,frontal,0.3769660958565918,0.9622147055146772,residuo corregido
P6,INHIB,lh,0.5232436858642251,0.6959541350380735,residuo corregido
P6,INHIB,rh,0.40932374645533,0.9606384933392889,residuo corregido
P6,INIT,cacc,0.702659001856756,0.9871588475458503,residuo corregido
P6,INIT,frontal,0.4391077940878757,0.9436522390135607,residuo corregido
P6,INIT,lh,0.6100197920383857,0.7168390269355457,residuo corregido
P6,INIT,rh,0.4561209712920592,0.7104228575918343,residuo corregido
P7,INHIB,cacc,1.3878140751353176,0.9167010752123296,residuo corregido
P7,INHIB,frontal,0.8414090752028942,0.9593816042892065,residuo corregido
P7,INHIB,lh,0.9607157828982351,0.8875645481460486,residuo corregido
P7,INHIB,rh,0.5496289906883948,0.9857786143146648,residuo corregido
P7,INIT,cacc,0.9054077846790618,0.9407880625185502,residuo corregido
P7,INIT,frontal,1.4666015752043802,0.983975773442863,residuo corregido
P7,INIT,lh,0.6415938649117352,0.6542538974113993,residuo corregido
P7,INIT,rh,0.9641484890683072,0.9074531113497594,residuo corregido
P8,INHIB,cacc,0.6974786470604103,0.7723076141791704,residuo corregido
P8,INHIB,frontal,0.5396606049269518,0.7009990857836849,residuo corregido
P8,INHIB,lh,0.6235346508311842,0.9564833375553489,residuo corregido
P8,INHIB,rh,0.3285442096951825,0.5088041957354293,residuo corregido
P8,INIT,cacc,0.6354609348302218,0.9419876443534551,residuo corregido
P8,INIT,frontal,0.3827776803408803,0.9635609464999411,residuo corregido
P8,INIT,lh,0.5498256958686139,0.7672944597114124,residuo corregido
P8,INIT,rh,0.7976717377972744,0.8689921330463902,residuo corregido
P9,INHIB,cacc,0.8348300281462213,0.9469275652211796,residuo corregido
P9,INHIB,frontal,0.2700031518909099,0.8013011869220273,residuo corregido
P9,INHIB,lh,1.2080227958766043,0.865517501117513,residuo corregido
P9,INHIB,rh,1.0222307637745438,0.8718224083052252,residuo corregido
P9,INIT,cacc,1.1142631191149661,0.8784981531570095,residuo corregido
P9,INIT,frontal,0.6543858248781828,0.968197668259393,residuo corregido
P9,INIT,lh,1.0104985386752072,0.9903246746674679,residuo corregido
P9,INIT,rh,1.1795208359707443,0.9095845882812138,residuo corregido
P1,INHIB,cacc,1.7855824909611018,0.9433795893701777,EEG crudo
P1,INHIB,frontal,1.8671115809299077,0.996645442231859,EEG crudo
P1,INHIB,lh,1.6359298585002726,0.9884526566425386,EEG crudo
P1,INHIB,rh,1.2997934705948775,0.983190559931423,EEG crudo
P1,INIT,cacc,1.5787006090752262,0.9937296849206025,EEG crudo
P1,INIT,frontal,2.235863576573546,0.9953997645308572,EEG crudo
P1,INIT,lh,1.8788081000416232,0.9796208649416974,EEG crudo
P1,INIT,rh,1.71583700408988,0.9825881609065553,EEG crudo
P10,INHIB,cacc,1.2430643641504273,0.8923813090043357,EEG crudo
P10,INHIB,frontal,1.2528066488051992,0.9909452351255134,EEG crudo
P10,INHIB,lh,1.407388307076006,0.9973923323320263,EEG crudo
P10,INHIB,rh,0.8669437773018355,0.9270564901578607,EEG crudo
P10,INIT,cacc,1.3694018339486171,0.942273197082164,EEG crudo
P10,INIT,frontal,1.7467210053614728,0.9942526032554636,EEG crudo
P10,INIT,lh,1.4851072995866381,0.9973688944544868,EEG crudo
P10,INIT,rh,1.2972800312272648,0.9955852658136769,EEG crudo
P11,INHIB,cacc,1.2466121450568601,0.9564547578814413,EEG crudo
P11,INHIB,frontal,1.135586428232698,0.8678647594009254,EEG crudo
P11,INHIB,lh,0.886605197603939,0.7776200432660715,EEG crudo
P11,INHIB,rh,0.7071979200200155,0.9553290397830196,EEG crudo
P11,INIT,cacc,1.1858128568036066,0.996826486487068,EEG crudo
P11,INIT,frontal,1.8294666731500269,0.9708842735832843,EEG crudo
P11,INIT,lh,0.9906984840673131,0.8316556627357847,EEG crudo
P11,INIT,rh,0.8372764810839162,0.9719061386909258,EEG crudo
P12,INHIB,cacc,1.1990057956415114,0.9822800935805693,EEG crudo
P12,INHIB,frontal,1.2096749624347412,0.9958232132800537,EEG crudo
P12,INHIB,lh,1.1766568382647729,0.9889371962074146,EEG crudo
P12,INHIB,rh,0.8023651483349806,0.9662932621669288,EEG crudo
P12,INIT,cacc,1.2552305518195201,0.9867480315910182,EEG crudo
P12,INIT,frontal,1.1824536613623602,0.9974196745005359,EEG crudo
P12,INIT,lh,1.0838143478831017,0.9851461193901201,EEG crudo
P12,INIT,rh,0.7587588489397091,0.9828826325870468,EEG crudo
P13,INHIB,cacc,1.6928193857557055,0.9703843303618941,EEG crudo
P13,INHIB,frontal,1.8166554729157127,0.9949093539486057,EEG crudo
P13,INHIB,lh,1.4369588796437254,0.9832641465534685,EEG crudo
P13,INHIB,rh,1.2926389631275321,0.9781516209458396,EEG crudo
P13,INIT,cacc,1.6742684004848347,0.9912275648895041,EEG crudo
P13,INIT,frontal,1.9060531057214185,0.9976466624845197,EEG crudo
P13,INIT,lh,1.5830851198944527,0.9963630361231759,EEG crudo
P13,INIT,rh,1.2362016226044723,0.9939942541104396,EEG crudo
P14,INHIB,cacc,1.2999575076495702,0.9775635134199476,EEG crudo
P14,INHIB,frontal,2.2208793818744765,0.9474754240320588,EEG crudo
P14,INHIB,lh,1.4687609769517112,0.9617677228500824,EEG crudo
P14,INHIB,rh,1.2374343480441823,0.9611455980169697,EEG crudo
P14,INIT,cacc,1.4106409619155866,0.9807350506916108,EEG crudo
P14,INIT,frontal,2.494221856296287,0.9351706866083198,EEG crudo
P14,INIT,lh,1.5564446951074506,0.9658418029420068,EEG crudo
P14,INIT,rh,1.31713937396452,0.9786305878463633,EEG crudo
P15,INHIB,cacc,1.3025939630183214,0.9736801453335449,EEG crudo
P15,INHIB,frontal,1.7127283005053566,0.9864461589308731,EEG crudo
P15,INHIB,lh,1.4847119151966985,0.9875898060585784,EEG crudo
P15,INHIB,rh,1.2478338566307399,0.9788099629320198,EEG crudo
P15,INIT,cacc,1.3416113189182923,0.9912277199737923,EEG crudo
P15,INIT,frontal,1.4491178926735626,0.9934567591936452,EEG crudo
P15,INIT,lh,1.429785241036506,0.9923570692573546,EEG crudo
P15,INIT,rh,1.0840728422399553,0.9947111627123093,EEG crudo
P16,INHIB,cacc,1.6777712911390483,0.9929808916167974,EEG crudo
P16,INHIB,frontal,1.3503753099352889,0.9933203644090863,EEG crudo
P16,INHIB,lh,1.3569445917105314,0.9932651064541942,EEG crudo
P16,INHIB,rh,1.2742334089927896,0.9471896479351031,EEG crudo
P16,INIT,cacc,1.3324166471376506,0.9962653534410357,EEG crudo
P16,INIT,frontal,1.7599940120752122,0.9894173001411369,EEG crudo
P16,INIT,lh,1.3911108493055877,0.9807959464359677,EEG crudo
P16,INIT,rh,1.0801311261293318,0.985763744455675,EEG crudo
P17,INHIB,cacc,1.7335888628738323,0.993049937913431,EEG crudo
P17,INHIB,frontal,2.3589860099901703,0.9881144507158985,EEG crudo
P17,INHIB,lh,1.6703527880724223,0.9661175716802022,EEG crudo
P17,INHIB,rh,1.5316249481359514,0.9670209222862457,EEG crudo
P17,INIT,cacc,1.7954215260149318,0.9748509294623162,EEG crudo
P17,INIT,frontal,2.6894062735975117,0.9431837008511179,EEG crudo
P17,INIT,lh,1.7240682458270518,0.9108906683113519,EEG crudo
P17,INIT,rh,1.4447536664359515,0.9542022915702368,EEG crudo
P18,INHIB,cacc,2.733829138257192,0.8365686577476784,EEG crudo
P18,INHIB,frontal,3.0107737627761364,0.7848794717251476,EEG crudo
P18,INHIB,lh,2.893827120882923,0.8764489937095109,EEG crudo
P18,INHIB,rh,1.4404624441752993,0.9281260391103676,EEG crudo
P18,INIT,cacc,1.9446862100146203,0.9273916881231873,EEG crudo
P18,INIT,frontal,2.4106302588006776,0.9702260711323585,EEG crudo
P18,INIT,lh,2.2041853054875404,0.9764527885962581,EEG crudo
P18,INIT,rh,2.730709777776283,0.8181066422036704,EEG crudo
P2,INHIB,cacc,1.521900594564602,0.9917965424960022,EEG crudo
P2,INHIB,frontal,1.8011690425667772,0.9854333675107879,EEG crudo
P2,INHIB,lh,1.2462120805766532,0.9536033906299979,EEG crudo
P2,INHIB,rh,1.3536433665647407,0.9823630920807924,EEG crudo
P2,INIT,cacc,1.7562504621268376,0.9885224311499324,EEG crudo
P2,INIT,frontal,1.450570994169976,0.9813416257384703,EEG crudo
P2,INIT,lh,1.3625883204940084,0.9833548039130916,EEG crudo
P2,INIT,rh,1.4304239406342942,0.9883809345184531,EEG crudo
P20,INHIB,cacc,1.7978261626695557,0.9338585055211385,EEG crudo
P20,INHIB,frontal,2.52440946002889,0.9747773342504391,EEG crudo
P20,INHIB,lh,1.7780197545620857,0.9956826538031585,EEG crudo
P20,INHIB,rh,1.33857928190363,0.9781089213455276,EEG crudo
P20,INIT,cacc,1.5001359633666702,0.9914176374845464,EEG crudo
P20,INIT,frontal,2.618540565932595,0.9710136557873372,EEG crudo
P20,INIT,lh,1.7891128457814753,0.966397861557236,EEG crudo
P20,INIT,rh,1.524932876024515,0.9891592831089886,EEG crudo
P21,INHIB,cacc,1.7502371513655484,0.9980837759414922,EEG crudo
P21,INHIB,frontal,2.488856007264357,0.9960671181833709,EEG crudo
P21,INHIB,lh,1.700464561539242,0.9952875255195697,EEG crudo
P21,INHIB,rh,1.1516392577289698,0.9915931380434768,EEG crudo
P21,INIT,cacc,1.520568413756885,0.9945928618634508,EEG crudo
P21,INIT,frontal,2.7217975031494968,0.9891937020004812,EEG crudo
P21,INIT,lh,1.8948365154603661,0.9866601279305789,EEG crudo
P21,INIT,rh,1.3874727475846569,0.9970368616742947,EEG crudo
P22,INHIB,cacc,1.4620260202546556,0.9276586215489694,EEG crudo
P22,INHIB,frontal,1.487302003735972,0.9080327375526822,EEG crudo
P22,INHIB,lh,1.2707053664056474,0.9127614561105116,EEG crudo
P22,INHIB,rh,1.1268019733248278,0.8578744499737712,EEG crudo
P22,INIT,cacc,1.3593628583481328,0.9780665102733039,EEG crudo
P22,INIT,frontal,1.5563507416920446,0.972285141935302,EEG crudo
P22,INIT,lh,1.4420727367253507,0.9576314306392731,EEG crudo
P22,INIT,rh,1.2885131141217254,0.979848452234408,EEG crudo
P23,INHIB,cacc,1.4485612134445873,0.9806528708024217,EEG crudo
P23,INHIB,frontal,2.5169095688189094,0.931474769070111,EEG crudo
P23,INHIB,lh,1.522905274251281,0.95810372929244,EEG crudo
P23,INHIB,rh,1.208688167114087,0.9052994775813743,EEG crudo
P23,INIT,cacc,1.1484588521577968,0.9716525525159722,EEG crudo
P23,INIT,frontal,1.8379363373553927,0.9055328324769979,EEG crudo
P23,INIT,lh,1.077599227412653,0.8664614960229469,EEG crudo
P23,INIT,rh,1.0562404426645813,0.8815792420060362,EEG crudo
P24,INHIB,cacc,1.5819463827645368,0.9956927885194063,EEG crudo
P24,INHIB,frontal,1.513660089367479,0.9931069756633545,EEG crudo
P24,INHIB,lh,1.6089927883386281,0.9729988435060754,EEG crudo
P24,INHIB,rh,1.373044333623101,0.991195156367322,EEG crudo
P24,INIT,cacc,1.6354356172444613,0.9953375636839722,EEG crudo
P24,INIT,frontal,1.4327870424646916,0.9513068626430566,EEG crudo
P24,INIT,lh,1.423532077086039,0.9958586044961704,EEG crudo
P24,INIT,rh,1.2058086880688308,0.9673162714433946,EEG crudo
P25,INHIB,cacc,1.8136831225072108,0.9943158477011911,EEG crudo
P25,INHIB,frontal,1.6565153050208425,0.9761917815241475,EEG crudo
P25,INHIB,lh,1.399270497153592,0.9943223070207857,EEG crudo
P25,INHIB,rh,1.354689475302357,0.9812629425297295,EEG crudo
P25,INIT,cacc,1.633895384691165,0.9881037866121956,EEG crudo
P25,INIT,frontal,1.3970200288472558,0.9921242548045578,EEG crudo
P25,INIT,lh,1.3122429065219399,0.9950031053973722,EEG crudo
P25,INIT,rh,1.2251642548330441,0.9974975922261569,EEG crudo
P26,INHIB,cacc,1.8856713773756586,0.9660366427985557,EEG crudo
P26,INHIB,frontal,1.701551086570479,0.9866668329553266,EEG crudo
P26,INHIB,lh,1.2841273258485453,0.9783171216684726,EEG crudo
P26,INHIB,rh,1.3541142479215211,0.970006355332321,EEG crudo
P26,INIT,cacc,1.5355160979224125,0.9766807651480838,EEG crudo
P26,INIT,frontal,1.7700468454025728,0.9842534162702123,EEG crudo
P26,INIT,lh,1.2867739577450614,0.9766104509635537,EEG crudo
P26,INIT,rh,1.3511307182020749,0.9869131096879574,EEG crudo
P27,INHIB,cacc,1.847731230798424,0.9911421786730987,EEG crudo
P27,INHIB,frontal,1.3596957823452667,0.9597995568383161,EEG crudo
P27,INHIB,lh,1.7124767892663044,0.9820639408813435,EEG crudo
P27,INHIB,rh,1.980861158048679,0.9644035478266834,EEG crudo
P27,INIT,cacc,1.7336458257004386,0.995772449099109,EEG crudo
P27,INIT,frontal,2.124795016955332,0.9875530266514028,EEG crudo
P27,INIT,lh,1.3734594085642808,0.9875724511619905,EEG crudo
P27,INIT,rh,1.3400200685575372,0.9315302672947486,EEG crudo
P28,INHIB,cacc,1.8144874585900062,0.9896225022967298,EEG crudo
P28,INHIB,frontal,2.0423490571821956,0.9788184834293328,EEG crudo
P28,INHIB,lh,0.7392137370012425,0.9857532508442243,EEG crudo
P28,INHIB,rh,1.6011082944783297,0.9845670188030542,EEG crudo
P28,INIT,cacc,1.7539113854495636,0.987927711529711,EEG crudo
P28,INIT,frontal,1.947302248505075,0.9774542843880696,EEG crudo
P28,INIT,lh,1.4658525091832626,0.9775964027868249,EEG crudo
P28,INIT,rh,1.1365976143000531,0.9828965332311793,EEG crudo
P29,INHIB,cacc,1.4820722832753825,0.9974551974984252,EEG crudo
P29,INHIB,frontal,1.4987784975253735,0.9941728903196784,EEG crudo
P29,INHIB,lh,1.2124435948449737,0.9757669782729983,EEG crudo
P29,INHIB,rh,1.1833358964664908,0.9948191040552501,EEG crudo
P29,INIT,cacc,1.483948223314067,0.9915330177422104,EEG crudo
P29,INIT,frontal,1.7445319167097844,0.9862964932903432,EEG crudo
P29,INIT,lh,1.2368795298358715,0.9719201516811257,EEG crudo
P29,INIT,rh,1.1186679304648426,0.9834309420316852,EEG crudo
P3,INHIB,cacc,1.5363466021143934,0.9592994851132944,EEG crudo
P3,INHIB,frontal,0.8822241611293409,0.8555399972119623,EEG crudo
P3,INHIB,lh,0.763968135363712,0.9045304156028379,EEG crudo
P3,INHIB,rh,1.3335499900180225,0.856766556717575,EEG crudo
P3,INIT,cacc,1.4191505205165988,0.8139976488871936,EEG crudo
P3,INIT,frontal,2.067149391281205,0.7768166577645876,EEG crudo
P3,INIT,lh,1.2683758980436384,0.7841246475256014,EEG crudo
P3,INIT,rh,1.2715437893696595,0.7075468551098737,EEG crudo
P30,INHIB,cacc,1.8097318052155473,0.9840009530862347,EEG crudo
P30,INHIB,frontal,1.7253984224795926,0.9777515730065567,EEG crudo
P30,INHIB,lh,1.823738342925733,0.977336670277756,EEG crudo
P30,INHIB,rh,1.6257170013636542,0.9876583300633203,EEG crudo
P30,INIT,cacc,1.689117754322353,0.9900081136437313,EEG crudo
P30,INIT,frontal,1.838692259843844,0.9571501246788584,EEG crudo
P30,INIT,lh,1.6513733594066675,0.9930650586226679,EEG crudo
P30,INIT,rh,1.463663592634621,0.9397713532243455,EEG crudo
P31,INHIB,cacc,1.874209547918324,0.9769300166826499,EEG crudo
P31,INHIB,frontal,1.653967369822869,0.9774509697657757,EEG crudo
P31,INHIB,lh,1.7903071477543697,0.9981776195038172,EEG crudo
P31,INHIB,rh,1.7700463275335747,0.9982785802701531,EEG crudo
P31,INIT,cacc,1.5923207167212017,0.9902317638584752,EEG crudo
P31,INIT,frontal,1.4999507191847794,0.9962433624722151,EEG crudo
P31,INIT,lh,1.3509632668804317,0.9891521803670129,EEG crudo
P31,INIT,rh,1.1001994810308302,0.9859912124594689,EEG crudo
P32,INHIB,cacc,1.7852540285123428,0.9954594018765164,EEG crudo
P32,INHIB,frontal,1.7110878884164487,0.9955280091390328,EEG crudo
P32,INHIB,lh,1.521240326684692,0.9783647914401743,EEG crudo
P32,INHIB,rh,1.28609035462952,0.9843844003350293,EEG crudo
P32,INIT,cacc,1.6657678998356402,0.9938817810879892,EEG crudo
P32,INIT,frontal,1.7207913689693042,0.9945997211426774,EEG crudo
P32,INIT,lh,1.4828314030172307,0.9971567073066044,EEG crudo
P32,INIT,rh,1.2815529574828874,0.996611449402064,EEG crudo
P33,INHIB,cacc,1.4045530362254164,0.9894470053204112,EEG crudo
P33,INHIB,frontal,1.413413530014228,0.9379711307115144,EEG crudo
P33,INHIB,lh,1.594873614191631,0.9840296379980529,EEG crudo
P33,INHIB,rh,1.165642559530685,0.964817974332721,EEG crudo
P33,INIT,cacc,1.173421617287121,0.9789331438209976,EEG crudo
P33,INIT,frontal,1.4408414398409053,0.9240114164134076,EEG crudo
P33,INIT,lh,1.1694027180863928,0.9500235295616704,EEG crudo
P33,INIT,rh,1.205890884750598,0.9639739574239544,EEG crudo
P34,INHIB,cacc,1.504825153019131,0.985780182264029,EEG crudo
P34,INHIB,frontal,1.0324959873996875,0.9616550344578393,EEG crudo
P34,INHIB,lh,0.8787527185084134,0.9848456106251137,EEG crudo
P34,INHIB,rh,1.3578359344584006,0.9453676662104991,EEG crudo
P34,INIT,cacc,1.642727066139705,0.9956990720139898,EEG crudo
P34,INIT,frontal,1.592160938868678,0.9894581754943677,EEG crudo
P34,INIT,lh,1.2332120037037049,0.9943960498797149,EEG crudo
P34,INIT,rh,1.0914229170070557,0.9934039394762604,EEG crudo
P35,INHIB,cacc,1.616268154282053,0.9797118083773985,EEG crudo
P35,INHIB,frontal,1.91224785987161,0.9948061234633101,EEG crudo
P35,INHIB,lh,1.190035518511341,0.9807526305549037,EEG crudo
P35,INHIB,rh,1.4546279273964564,0.9791981859484915,EEG crudo
P35,INIT,cacc,1.684195974665944,0.9527330806150142,EEG crudo
P35,INIT,frontal,1.4968925662079149,0.9944568119579952,EEG crudo
P35,INIT,lh,0.9569460492585223,0.9725778512251054,EEG crudo
P35,INIT,rh,1.3481978413042925,0.992306700820593,EEG crudo
P36,INHIB,cacc,1.4103224068799067,0.9835622188220315,EEG crudo
P36,INHIB,frontal,0.8184807947935877,0.928710122322197,EEG crudo
P36,INHIB,lh,0.7553264713759091,0.7266871198348059,EEG crudo
P36,INHIB,rh,0.34873008583695797,0.8994766523953842,EEG crudo
P36,INIT,cacc,1.1157699520721445,0.9640112829503037,EEG crudo
P36,INIT,frontal,1.0610161346275728,0.9015074553191753,EEG crudo
P36,INIT,lh,0.962909041541033,0.9719836848354602,EEG crudo
P36,INIT,rh,0.6821261660923785,0.8661234325549704,EEG crudo
P37,INHIB,cacc,1.1017173412730876,0.9579563968695264,EEG crudo
P37,INHIB,frontal,1.8006577692711765,0.9066409610902593,EEG crudo
P37,INHIB,lh,1.850216970601644,0.9578419489736084,EEG crudo
P37,INHIB,rh,0.8428733490837143,0.9808650483421886,EEG crudo
P37,INIT,cacc,1.1386593220777546,0.9064077012909562,EEG crudo
P37,INIT,frontal,1.563761648914862,0.8832933652910346,EEG crudo
P37,INIT,lh,1.3327782151778746,0.9389792561743939,EEG crudo
P37,INIT,rh,0.996392841093483,0.7827775604361794,EEG crudo
P38,INHIB,cacc,1.4593534313555383,0.9852772031147475,EEG crudo
P38,INHIB,frontal,1.5759131296093434,0.9691498153155792,EEG crudo
P38,INHIB,lh,1.4205840161336551,0.9772901950748066,EEG crudo
P38,INHIB,rh,1.3522976353174958,0.9472131768632627,EEG crudo
P38,INIT,cacc,1.3879021282680386,0.9971192003907401,EEG crudo
P38,INIT,frontal,1.7435386882264072,0.9943402857309384,EEG crudo
P38,INIT,lh,1.4446060975255965,0.9926037479112756,EEG crudo
P38,INIT,rh,1.0956132772033447,0.9765945855497365,EEG crudo
P39,INHIB,cacc,1.5903957148868146,0.9974303867035887,EEG crudo
P39,INHIB,frontal,1.3087509862926272,0.9867593078601989,EEG crudo
P39,INHIB,lh,1.3935586525867083,0.9670717031655224,EEG crudo
P39,INHIB,rh,1.3147903526908111,0.9894367139324951,EEG crudo
P39,INIT,cacc,1.7104510279672982,0.9946415669445493,EEG crudo
P39,INIT,frontal,1.3418778572134302,0.9977119023051292,EEG crudo
P39,INIT,lh,1.503379798118592,0.9951399591654291,EEG crudo
P39,INIT,rh,1.3912433787035234,0.9908586548983834,EEG crudo
P40,INHIB,cacc,1.3031846916017267,0.9877914000512751,EEG crudo
P40,INHIB,frontal,1.4454847502787298,0.9891660764913914,EEG crudo
P40,INHIB,lh,1.2958187344475536,0.9674756221382351,EEG crudo
P40,INHIB,rh,1.0143659849711522,0.9809505811253978,EEG crudo
P40,INIT,cacc,1.4860816149367808,0.9918799548040468,EEG crudo
P40,INIT,frontal,1.5116930095420904,0.9707304390591098,EEG crudo
P40,INIT,lh,0.26995091739202204,0.9702810461525636,EEG crudo
P40,INIT,rh,1.237839570727014,0.985393830932632,EEG crudo
P41,INHIB,cacc,1.8530749677258593,0.9096041940816512,EEG crudo
P41,INHIB,frontal,2.4756665970069807,0.9852783396851542,EEG crudo
P41,INHIB,lh,2.0293278536870036,0.9878804040618018,EEG crudo
P41,INHIB,rh,1.7411004086465913,0.9939927512127654,EEG crudo
P41,INIT,cacc,1.4893320064065336,0.9674032961964787,EEG crudo
P41,INIT,frontal,2.127126406154954,0.979343887700191,EEG crudo
P41,INIT,lh,1.6140816135591,0.9684563149882661,EEG crudo
P41,INIT,rh,1.4139540585896802,0.9936691375843321,EEG crudo
P42,INHIB,cacc,1.6112804548072868,0.9607488999021594,EEG crudo
P42,INHIB,frontal,1.7094551693746884,0.9766216055603872,EEG crudo
P42,INHIB,lh,1.3813355922881345,0.9658298166238265,EEG crudo
P42,INHIB,rh,1.1927435395058845,0.9817090699741706,EEG crudo
P42,INIT,cacc,1.4564306571915548,0.9809607450905324,EEG crudo
P42,INIT,frontal,2.4271301939241483,0.9764922158256109,EEG crudo
P42,INIT,lh,1.5900010246482756,0.9942169336726939,EEG crudo
P42,INIT,rh,1.3651628350805751,0.9841317197922015,EEG crudo
P43,INHIB,cacc,1.8982319510509365,0.9910047008401465,EEG crudo
P43,INHIB,frontal,1.7202269023091177,0.9789007277432354,EEG crudo
P43,INHIB,lh,1.3847494268401235,0.9882127330638131,EEG crudo
P43,INHIB,rh,1.4610017631130203,0.9252755153162451,EEG crudo
P43,INIT,cacc,1.6967873370069086,0.9938080124391285,EEG crudo
P43,INIT,frontal,1.9734605203307367,0.9525435107549847,EEG crudo
P43,INIT,lh,1.1161213057927784,0.9780220802181684,EEG crudo
P43,INIT,rh,1.5814877313100868,0.9615375745411354,EEG crudo
P44,INHIB,cacc,1.0451925898288885,0.997035713266877,EEG crudo
P44,INHIB,frontal,1.591749659159833,0.9887704818326917,EEG crudo
P44,INHIB,lh,0.8575574999392944,0.9029499250437426,EEG crudo
P44,INHIB,rh,1.1720568385986374,0.994086252735504,EEG crudo
P44,INIT,cacc,1.254049653031857,0.9677916211016305,EEG crudo
P44,INIT,frontal,1.9851720867616804,0.9861349275835253,EEG crudo
P44,INIT,lh,1.2804889396108246,0.9959119954204799,EEG crudo
P44,INIT,rh,1.5185101905869622,0.9958873269075426,EEG crudo
P45,INHIB,cacc,1.8928536599482322,0.9510703672292419,EEG crudo
P45,INHIB,frontal,2.4556593284756305,0.9752463549738137,EEG crudo
P45,INHIB,lh,1.8692387743513574,0.992153076908172,EEG crudo
P45,INHIB,rh,1.4305710179318267,0.9915516688361787,EEG crudo
P45,INIT,cacc,1.5300090680697238,0.9730615357268975,EEG crudo
P45,INIT,frontal,2.4118128625059687,0.9657751949502293,EEG crudo
P45,INIT,lh,1.4990337777273022,0.9922907974167571,EEG crudo
P45,INIT,rh,1.4468432994251643,0.9975483487380422,EEG crudo
P46,INHIB,cacc,1.200135052091534,0.98764250606334,EEG crudo
P46,INHIB,frontal,1.0808297867499954,0.9281812871420254,EEG crudo
P46,INHIB,lh,0.5662606109854307,0.7634730056666809,EEG crudo
P46,INHIB,rh,0.7532511589963251,0.9336895689444198,EEG crudo
P46,INIT,cacc,1.1323432237831088,0.9749545877326539,EEG crudo
P46,INIT,frontal,1.142807268451574,0.9619076516520779,EEG crudo
P46,INIT,lh,0.7347579995803457,0.8509634581000339,EEG crudo
P46,INIT,rh,0.4227629142672654,0.8272034510029216,EEG crudo
P47,INHIB,cacc,1.9479121516539724,0.9674912645700188,EEG crudo
P47,INHIB,frontal,1.6859928585985942,0.967159498140179,EEG crudo
P47,INHIB,lh,1.7993902431406146,0.9925926665323688,EEG crudo
P47,INHIB,rh,1.812702116055375,0.9603066764383574,EEG crudo
P47,INIT,cacc,1.932843619385985,0.9884246262631297,EEG crudo
P47,INIT,frontal,2.314763912460763,0.9941612684596585,EEG crudo
P47,INIT,lh,1.832805275583786,0.9293079787614383,EEG crudo
P47,INIT,rh,1.8468170158453874,0.9291119350312154,EEG crudo
P48,INHIB,cacc,1.599558552611742,0.970862901997435,EEG crudo
P48,INHIB,frontal,2.316531251076633,0.9898059396036034,EEG crudo
P48,INHIB,lh,1.8226354261138344,0.9833407941433792,EEG crudo
P48,INHIB,rh,1.5558130398204626,0.9867946528639067,EEG crudo
P48,INIT,cacc,1.6531148462713599,0.9868323111766036,EEG crudo
P48,INIT,frontal,2.7868398389763644,0.9788939180700175,EEG crudo
P48,INIT,lh,1.3761823731179876,0.9620855675656077,EEG crudo
P48,INIT,rh,1.7462804965199745,0.992890226213979,EEG crudo
P49,INHIB,cacc,1.6931624408764603,0.9900965162734436,EEG crudo
P49,INHIB,frontal,1.6830906168582276,0.9943150144786516,EEG crudo
P49,INHIB,lh,1.507142634761278,0.8784075257599822,EEG crudo
P49,INHIB,rh,1.339637114147708,0.993746698719932,EEG crudo
P49,INIT,cacc,1.8283649572750538,0.9990744125756487,EEG crudo
P49,INIT,frontal,1.6919113882474162,0.989005979229203,EEG crudo
P49,INIT,lh,1.3051348633734028,0.9872951851332312,EEG crudo
P49,INIT,rh,1.2538573659025518,0.9960859205157291,EEG crudo
P50,INHIB,cacc,1.7738871533799372,0.9943170949901149,EEG crudo
P50,INHIB,frontal,2.0232497412115085,0.9905311730127704,EEG crudo
P50,INHIB,lh,1.4785151249288844,0.9868632238241067,EEG crudo
P50,INHIB,rh,1.6451219076419223,0.9962205473526842,EEG crudo
P50,INIT,cacc,1.6609308854565843,0.9736568829345635,EEG crudo
P50,INIT,frontal,2.0987345470124215,0.9869954771543084,EEG crudo
P50,INIT,lh,1.4626566308155462,0.9901567243179336,EEG crudo
P50,INIT,rh,1.5349926444467707,0.994562774069065,EEG crudo
P6,INHIB,cacc,1.2496597985974525,0.9816855981338312,EEG crudo
P6,INHIB,frontal,1.1308995910853021,0.9773922094226829,EEG crudo
P6,INHIB,lh,1.2668496341671538,0.9887543373516646,EEG crudo
P6,INHIB,rh,1.1304445582356044,0.9045443391739647,EEG crudo
P6,INIT,cacc,1.2331368259694502,0.9709786402071244,EEG crudo
P6,INIT,frontal,1.0920914603856584,0.9649106501320284,EEG crudo
P6,INIT,lh,1.2747739395921565,0.9868354451562871,EEG crudo
P6,INIT,rh,1.1158598441586,0.9568626129758734,EEG crudo
P7,INHIB,cacc,1.6757341163888815,0.9853744179777116,EEG crudo
P7,INHIB,frontal,1.5389631607404008,0.9653457513641104,EEG crudo
P7,INHIB,lh,1.144176097267563,0.9741285904940609,EEG crudo
P7,INHIB,rh,1.0596275650449372,0.9786626481571025,EEG crudo
P7,INIT,cacc,1.6976738795320483,0.9678261803388257,EEG crudo
P7,INIT,frontal,2.5202384899559362,0.9672083151754216,EEG crudo
P7,INIT,lh,1.5767307174966019,0.9748197240069273,EEG crudo
P7,INIT,rh,1.2240738057610596,0.9825315695157878,EEG crudo
P8,INHIB,cacc,1.395037051897171,0.9955349355184258,EEG crudo
P8,INHIB,frontal,0.9339709899180608,0.9709268945024726,EEG crudo
P8,INHIB,lh,1.0542788742104376,0.9769648415905051,EEG crudo
P8,INHIB,rh,0.8747096354515228,0.7873515097831354,EEG crudo
P8,INIT,cacc,1.4882798864526654,0.9721284317266609,EEG crudo
P8,INIT,frontal,1.1931350231649362,0.9830026920302727,EEG crudo
P8,INIT,lh,1.0724409306210794,0.8734852898413101,EEG crudo
P8,INIT,rh,0.9692587195997127,0.8252468552560843,EEG crudo
P9,INHIB,cacc,1.6327918651847908,0.991489301583727,EEG crudo
P9,INHIB,frontal,1.5821133603434254,0.984510454639226,EEG crudo
P9,INHIB,lh,1.7008705774883874,0.9911506678705366,EEG crudo
P9,INHIB,rh,1.489441152507018,0.9629119849521071,EEG crudo
P9,INIT,cacc,1.5517639693491825,0.9506311513235829,EEG crudo
P9,INIT,frontal,1.9146237435231872,0.9248523043110446,EEG crudo
P9,INIT,lh,1.7046519830116693,0.9918234660418893,EEG crudo
P9,INIT,rh,1.6023617403000345,0.9337812587207954,EEG crudo
