subject,cond,roi,chi_sp,chi_sp_r2
P1,INHIB,cacc,0.8279856034051272,
P1,INHIB,frontal,1.4823742624969234,
P1,INHIB,lh,0.5616108946707308,
P1,INHIB,rh,0.8046688455428044,
P1,INIT,cacc,0.8859404029797943,
P1,INIT,frontal,1.6947616560666212,
P1,INIT,lh,0.9443848763035303,
P1,INIT,rh,0.5282247966254172,
P10,INHIB,cacc,0.6684546928419091,
P10,INHIB,frontal,0.5686038280825482,
P10,INHIB,lh,0.5229936271270569,
P10,INHIB,rh,0.5092960440989083,
P10,INIT,cacc,0.8029967857988124,
P10,INIT,frontal,0.7181727628969188,
P10,INIT,lh,0.5722783321735603,
P10,INIT,rh,0.6095148150375713,
P11,INHIB,cacc,0.5229373036678878,
P11,INHIB,frontal,0.5040440480401623,
P11,INHIB,lh,0.05219920513350586,
P11,INHIB,rh,0.2963353973528807,
P11,INIT,cacc,0.4844958129968368,
P11,INIT,frontal,1.0314142993914284,
P11,INIT,lh,0.3381000999315023,
P11,INIT,rh,0.45448138922451986,
P12,INHIB,cacc,0.6705807643570352,
P12,INHIB,frontal,0.5727395977793412,
P12,INHIB,lh,0.3715000636493411,
P12,INHIB,rh,0.1461813474616879,
P12,INIT,cacc,0.533339777193136,
P12,INIT,frontal,0.5682355420763258,
P12,INIT,lh,0.4118787745128726,
P12,INIT,rh,0.3345660968119892,
P13,INHIB,cacc,1.0759503784857238,
P13,INHIB,frontal,1.0954483711375318,
P13,INHIB,lh,0.9171099994644283,
P13,INHIB,rh,0.6850919036043728,
P13,INIT,cacc,1.032713082141316,
P13,INIT,frontal,1.236201313592024,
P13,INIT,lh,0.7793375870793015,
P13,INIT,rh,0.8788294731571978,
P14,INHIB,cacc,1.029796532083446,
P14,INHIB,frontal,1.7102074935510971,
P14,INHIB,lh,0.6852600555855077,
P14,INHIB,rh,0.750677516708036,
P14,INIT,cacc,1.0649179349213094,
P14,INIT,frontal,1.9614186823701085,
P14,INIT,lh,1.0789360052281176,
P14,INIT,rh,0.9225271896489489,
P15,INHIB,cacc,0.7740052739703952,
P15,INHIB,frontal,0.6799840370347756,
P15,INHIB,lh,0.502652930990477,
P15,INHIB,rh,0.46896659543904395,
P15,INIT,cacc,0.6584320836791059,
P15,INIT,frontal,0.7669155220586726,
P15,INIT,lh,0.5825305526439147,
P15,INIT,rh,0.46148426054446,
P16,INHIB,cacc,0.5205169327204585,
P16,INHIB,frontal,0.5601821819324722,
P16,INHIB,lh,0.46086259861003614,
P16,INHIB,rh,0.6121756336501543,
P16,INIT,cacc,0.7157790322235817,
P16,INIT,frontal,0.9762085994585985,
P16,INIT,lh,0.6076962848717421,
P16,INIT,rh,0.2733813440137048,
P17,INHIB,cacc,0.8119573251373863,
P17,INHIB,frontal,1.6342134844027032,
P17,INHIB,lh,0.8933929601802809,
P17,INHIB,rh,0.735543123302999,
P17,INIT,cacc,0.934990883825512,
P17,INIT,frontal,2.068705691895413,
P17,INIT,lh,1.167036756173155,
P17,INIT,rh,0.6576379867230646,
P18,INHIB,cacc,1.790153866437203,
P18,INHIB,frontal,1.3334095463742706,
P18,INHIB,lh,2.7458209342928477,
P18,INHIB,rh,1.0429869078582468,
P18,INIT,cacc,0.08520098112759522,
P18,INIT,frontal,0.9010041251435266,
P18,INIT,lh,1.4643936602316119,
P18,INIT,rh,1.0785479261521274,
P2,INHIB,cacc,0.8671431436280735,
P2,INHIB,frontal,0.9089002636441497,
P2,INHIB,lh,0.7053935042828774,
P2,INHIB,rh,0.5351174145796957,
P2,INIT,cacc,0.8244308577238282,
P2,INIT,frontal,0.7852404247754423,
P2,INIT,lh,0.5556237309767798,
P2,INIT,rh,0.5038576338797237,
P20,INHIB,cacc,1.3229015840477034,
P20,INHIB,frontal,1.1485506087818678,
P20,INHIB,lh,0.9330729911915996,
P20,INHIB,rh,0.9341584143503787,
P20,INIT,cacc,0.8376215009249787,
P20,INIT,frontal,1.303892202747324,
P20,INIT,lh,0.7104249153206229,
P20,INIT,rh,0.5118620335668314,
P21,INHIB,cacc,1.1564062289421477,
P21,INHIB,frontal,1.5147756735713729,
P21,INHIB,lh,0.7179969519475986,
P21,INHIB,rh,0.6682819355388718,
P21,INIT,cacc,0.9891273295215444,
P21,INIT,frontal,1.5975480334805443,
P21,INIT,lh,0.8605336971229479,
P21,INIT,rh,0.5888942954033425,
P22,INHIB,cacc,0.8201790823249713,
P22,INHIB,frontal,0.7170190497892459,
P22,INHIB,lh,0.5034262726663163,
P22,INHIB,rh,0.5342981384326936,
P22,INIT,cacc,0.7847957342598321,
P22,INIT,frontal,0.7290460883325987,
P22,INIT,lh,0.5557840823506706,
P22,INIT,rh,0.47744160666321966,
P23,INHIB,cacc,0.9785964778980457,
P23,INHIB,frontal,1.2134917052825678,
P23,INHIB,lh,0.49987491452286437,
P23,INHIB,rh,0.5387029551021826,
P23,INIT,cacc,0.8239245736727624,
P23,INIT,frontal,1.2031852901286024,
P23,INIT,lh,0.32634657288657176,
P23,INIT,rh,0.5166284341458425,
P24,INHIB,cacc,0.6341668677533246,
P24,INHIB,frontal,0.6967680023322398,
P24,INHIB,lh,0.5077984854448878,
P24,INHIB,rh,0.4171643736251878,
P24,INIT,cacc,1.025276450104921,
P24,INIT,frontal,0.46563272911542253,
P24,INIT,lh,0.45893770245825627,
P24,INIT,rh,0.39425313918530586,
P25,INHIB,cacc,0.9019205307651368,
P25,INHIB,frontal,0.5060718322317027,
P25,INHIB,lh,0.40642791131005673,
P25,INHIB,rh,0.6883321276829634,
P25,INIT,cacc,0.8137102453681078,
P25,INIT,frontal,0.6143946080711654,
P25,INIT,lh,0.6349357853284849,
P25,INIT,rh,0.3691635669190699,
P26,INHIB,cacc,1.2895206655003464,
P26,INHIB,frontal,1.166668611251651,
P26,INHIB,lh,0.34161468892958524,
P26,INHIB,rh,0.2683278686985654,
P26,INIT,cacc,0.7311238705859641,
P26,INIT,frontal,0.6688126770589509,
P26,INIT,lh,0.4858413461413854,
P26,INIT,rh,0.510059836600166,
P27,INHIB,cacc,1.107160142046312,
P27,INHIB,frontal,0.9683148567104093,
P27,INHIB,lh,0.9633125172247206,
P27,INHIB,rh,0.9660812604423438,
P27,INIT,cacc,1.3531310973896136,
P27,INIT,frontal,1.1596487094353776,
P27,INIT,lh,0.4956973050518076,
P27,INIT,rh,0.523281599696289,
P28,INHIB,cacc,1.0885875063212591,
P28,INHIB,frontal,0.8835863195064617,
P28,INHIB,lh,1.0617601536486148,
P28,INHIB,rh,0.6360937092451271,
P28,INIT,cacc,0.9210483499038984,
P28,INIT,frontal,1.0871052625962239,
P28,INIT,lh,0.7756823798974244,
P28,INIT,rh,0.355653038214868,
P29,INHIB,cacc,0.7424721497340586,
P29,INHIB,frontal,0.7090965527123727,
P29,INHIB,lh,0.1551738357329493,
P29,INHIB,rh,0.5438137960795992,
P29,INIT,cacc,0.7124867080261295,
P29,INIT,frontal,1.4262343406658804,
P29,INIT,lh,0.500900474795887,
P29,INIT,rh,0.595362964293258,
P3,INHIB,cacc,1.0724855771817678,
P3,INHIB,frontal,0.2704433925354117,
P3,INHIB,lh,0.21007387897674462,
P3,INHIB,rh,0.5516844617818045,
P3,INIT,cacc,0.4503146792864248,
P3,INIT,frontal,1.5526819541101964,
P3,INIT,lh,0.626141857540487,
P3,INIT,rh,0.17248630398162898,
P30,INHIB,cacc,1.3101250755034577,
P30,INHIB,frontal,0.8299101317272807,
P30,INHIB,lh,1.271481617836977,
P30,INHIB,rh,0.8843311889294287,
P30,INIT,cacc,1.377985478049716,
P30,INIT,frontal,1.097509074920708,
P30,INIT,lh,0.9340921261926654,
P30,INIT,rh,1.019106126192757,
P31,INHIB,cacc,0.9848690318266443,
P31,INHIB,frontal,1.0634224626887456,
P31,INHIB,lh,1.0950954885342508,
P31,INHIB,rh,1.2264782070925058,
P31,INIT,cacc,0.7642156761059954,
P31,INIT,frontal,0.5419438784760309,
P31,INIT,lh,0.5346543883111868,
P31,INIT,rh,0.48202578191453993,
P32,INHIB,cacc,0.9002991234186727,
P32,INHIB,frontal,0.6445471088837558,
P32,INHIB,lh,0.827992823573033,
P32,INHIB,rh,0.32142029828321794,
P32,INIT,cacc,0.733864612084527,
P32,INIT,frontal,0.7914356723505193,
P32,INIT,lh,0.9044414778285793,
P32,INIT,rh,0.7264078622565947,
P33,INHIB,cacc,0.48926800048162966,
P33,INHIB,frontal,0.5121280999459242,
P33,INHIB,lh,0.4180872847901507,
P33,INHIB,rh,0.8975802883283674,
P33,INIT,cacc,1.0153792449419734,
P33,INIT,frontal,1.6152379868369837,
P33,INIT,lh,0.9890420621712688,
P33,INIT,rh,0.568122718605851,
P34,INHIB,cacc,0.733340827300175,
P34,INHIB,frontal,0.6303536119521814,
P34,INHIB,lh,0.511761144870823,
P34,INHIB,rh,0.4484245732143466,
P34,INIT,cacc,0.5972750448592239,
P34,INIT,frontal,0.9948783853021479,
P34,INIT,lh,0.7075049262880946,
P34,INIT,rh,0.3815283298815032,
P35,INHIB,cacc,0.887256221820016,
P35,INHIB,frontal,0.7725909413344297,
P35,INHIB,lh,0.609829464306636,
P35,INHIB,rh,0.5015604543900867,
P35,INIT,cacc,0.9274606192261123,
P35,INIT,frontal,0.5671135040584572,
P35,INIT,lh,0.5497607746805968,
P35,INIT,rh,0.6322769187435094,
P36,INHIB,cacc,1.0201041463787448,
P36,INHIB,frontal,0.5678519235244852,
P36,INHIB,lh,0.08908758268783948,
P36,INHIB,rh,0.23560865948475446,
P36,INIT,cacc,0.7637047275633264,
P36,INIT,frontal,0.2823995016651044,
P36,INIT,lh,0.132874830051617,
P36,INIT,rh,0.45384941283927727,
P37,INHIB,cacc,0.41544440697183677,
P37,INHIB,frontal,0.8044010308078022,
P37,INHIB,lh,0.3911645168525963,
P37,INHIB,rh,0.6138089351123708,
P37,INIT,cacc,0.5434188891433214,
P37,INIT,frontal,0.8038817984905225,
P37,INIT,lh,0.8407901607430645,
P37,INIT,rh,0.31216990571442543,
P38,INHIB,cacc,0.8662208165289561,
P38,INHIB,frontal,0.5503928762881739,
P38,INHIB,lh,0.5322210350544659,
P38,INHIB,rh,0.46724110127179846,
P38,INIT,cacc,0.7664426124388986,
P38,INIT,frontal,0.6183927135479442,
P38,INIT,lh,0.5385179791924483,
P38,INIT,rh,0.569057805377659,
P39,INHIB,cacc,0.72935590132697,
P39,INHIB,frontal,0.7604390114944737,
P39,INHIB,lh,0.5760514641980778,
P39,INHIB,rh,0.6764748078501852,
P39,INIT,cacc,0.6281066097214687,
P39,INIT,frontal,0.9118723347970537,
P39,INIT,lh,1.035101516924431,
P39,INIT,rh,0.6532855061122057,
P40,INHIB,cacc,0.86628500148539,
P40,INHIB,frontal,0.8218062314620065,
P40,INHIB,lh,0.4349947061100683,
P40,INHIB,rh,0.3834490393762313,
P40,INIT,cacc,1.0005335783737965,
P40,INIT,frontal,1.124453584355794,
P40,INIT,lh,0.5682105915277545,
P40,INIT,rh,0.7277387667707012,
P41,INHIB,cacc,1.1053489342412266,
P41,INHIB,frontal,1.901871065507647,
P41,INHIB,lh,1.1919124524944142,
P41,INHIB,rh,0.6581820221088699,
P41,INIT,cacc,0.6887939768496495,
P41,INIT,frontal,1.5597539837779366,
P41,INIT,lh,1.1685584003164189,
P41,INIT,rh,0.962169689495269,
P42,INHIB,cacc,0.9275634185997818,
P42,INHIB,frontal,1.1545020984194776,
P42,INHIB,lh,0.4045248908359282,
P42,INHIB,rh,0.44727555731366125,
P42,INIT,cacc,0.8721148621589985,
P42,INIT,frontal,0.8240437728063408,
P42,INIT,lh,0.7287508288341613,
P42,INIT,rh,0.46277400148960574,
P43,INHIB,cacc,0.9702862221653522,
P43,INHIB,frontal,1.351051521397904,
P43,INHIB,lh,0.927707455666302,
P43,INHIB,rh,0.8611330086383712,
P43,INIT,cacc,0.8481958338187178,
P43,INIT,frontal,1.383304831996659,
P43,INIT,lh,0.8205049200005412,
P43,INIT,rh,0.9711048846084464,
P44,INHIB,cacc,0.7023372318346314,
P44,INHIB,frontal,0.5953348380561445,
P44,INHIB,lh,0.44677556721023914,
P44,INHIB,rh,0.369722143519994,
P44,INIT,cacc,0.7550638457571055,
P44,INIT,frontal,0.9885951220653106,
P44,INIT,lh,0.44721519073157323,
P44,INIT,rh,0.6541496224572774,
P45,INHIB,cacc,0.8173402414828141,
P45,INHIB,frontal,1.4268994389654528,
P45,INHIB,lh,1.1179325208681732,
P45,INHIB,rh,1.1161205509802894,
P45,INIT,cacc,0.8520300998274215,
P45,INIT,frontal,1.798202592011425,
P45,INIT,lh,1.182869500033037,
P45,INIT,rh,1.0472687744796745,
P46,INHIB,cacc,0.0006662392478680376,
P46,INHIB,frontal,0.612879597320547,
P46,INHIB,lh,-0.027858783503788405,
P46,INHIB,rh,-0.0317747589784205,
P46,INIT,cacc,0.06642749556311542,
P46,INIT,frontal,0.8323252195331128,
P46,INIT,lh,-0.03586964786948398,
P46,INIT,rh,-0.025375658287007538,
P47,INHIB,cacc,1.1540840684798936,
P47,INHIB,frontal,1.066495994231732,
P47,INHIB,lh,1.3860518075746424,
P47,INHIB,rh,1.3035075281154116,
P47,INIT,cacc,0.9620926856661571,
P47,INIT,frontal,1.5366256024591203,
P47,INIT,lh,1.5599141100891298,
P47,INIT,rh,1.0755303923219333,
P48,INHIB,cacc,1.0812018529469192,
P48,INHIB,frontal,1.7291146044667798,
P48,INHIB,lh,1.1391503614704308,
P48,INHIB,rh,0.3066782736790248,
P48,INIT,cacc,0.8968462745143547,
P48,INIT,frontal,1.9519582957842605,
P48,INIT,lh,0.8810670218430845,
P48,INIT,rh,0.9424239017442964,
P49,INHIB,cacc,0.8108226317025718,
P49,INHIB,frontal,0.484336929261214,
P49,INHIB,lh,0.5913385377240011,
P49,INHIB,rh,0.9528211426988094,
P49,INIT,cacc,0.871445929923642,
P49,INIT,frontal,0.9980881403437392,
P49,INIT,lh,0.4735907457483074,
P49,INIT,rh,0.5751620715129954,
P50,INHIB,cacc,0.9340410901722735,
P50,INHIB,frontal,1.6757120475866198,
P50,INHIB,lh,0.7764040823775517,
P50,INHIB,rh,0.5686466729182387,
P50,INIT,cacc,1.1734781537264403,
P50,INIT,frontal,1.225056580340979,
P50,INIT,lh,0.45170750728660736,
P50,INIT,rh,0.7439683057322262,
P6,INHIB,cacc,0.6610235099060615,
P6,INHIB,frontal,0.3769660958565918,
P6,INHIB,lh,0.5232436858642251,
P6,INHIB,rh,0.40932374645533,
P6,INIT,cacc,0.702659001856756,
P6,INIT,frontal,0.4391077940878757,
P6,INIT,lh,0.6100197920383857,
P6,INIT,rh,0.4561209712920592,
P7,INHIB,cacc,1.3878140751353176,
P7,INHIB,frontal,0.8414090752028942,
P7,INHIB,lh,0.9607157828982351,
P7,INHIB,rh,0.5496289906883948,
P7,INIT,cacc,0.9054077846790618,
P7,INIT,frontal,1.4666015752043802,
P7,INIT,lh,0.6415938649117352,
P7,INIT,rh,0.9641484890683072,
P8,INHIB,cacc,0.6974786470604103,
P8,INHIB,frontal,0.5396606049269518,
P8,INHIB,lh,0.6235346508311842,
P8,INHIB,rh,0.3285442096951825,
P8,INIT,cacc,0.6354609348302218,
P8,INIT,frontal,0.3827776803408803,
P8,INIT,lh,0.5498256958686139,
P8,INIT,rh,0.7976717377972744,
P9,INHIB,cacc,0.8348300281462213,
P9,INHIB,frontal,0.2700031518909099,
P9,INHIB,lh,1.2080227958766043,
P9,INHIB,rh,1.0222307637745438,
P9,INIT,cacc,1.1142631191149661,
P9,INIT,frontal,0.6543858248781828,
P9,INIT,lh,1.0104985386752072,
P9,INIT,rh,1.1795208359707443,
